wire,net,from_ref,from_pin,from_hole,to_ref,to_pin,to_hole,sides,side_change_holes,length_mm,wire_class
W001,GND,J105,2,L24,R8,2,P22,bottom wire,,15.2,signal
W002,GND,J105,12,E26,J105,2,L24,bottom wire,,149.9,signal
W003,GND,J106,12,E39,J106,2,L37,bottom wire,,45.7,signal
W004,GND,J106,2,L37,R9,2,P37,bottom wire,,10.2,signal
W005,+24V,J103,4,BC4,J104,9,D18,bottom wire,,165.1,power
W006,GND,J103,3,BE4,J104,10,D20,bottom wire,,185.4,power
W007,+24V,C1,1,Q28,J105,11,E25,bottom wire,,38.1,power
W008,+24V,C2,1,Q43,J106,11,E38,bottom wire,,43.2,power
W009,GND,C1,2,Q30,J105,12,E26,bottom wire,,40.6,power
W010,GND,C2,2,Q45,J106,12,E39,bottom wire,,45.7,power
W011,GND,J103,3,BE4,J103,2,BE24,bottom wire,,50.8,power
W012,+24V,J104,9,D18,C1,1,Q28,bottom wire,,58.4,power
W013,GND,J104,10,D20,C2,2,Q45,bottom wire,,99.1,power
W014,+24V,J104,9,D18,C2,1,Q43,bottom wire,,99.1,power
W015,GND,J104,10,D20,C1,2,Q30,bottom wire,,61.0,power
W016,+3V3,R25,1,AJ19,U3,1,AJ21,bottom wire,,5.1,signal
W017,+3V3,U3,14,AJ24,C4,1,AH24,bottom wire,,5.1,signal
W018,+3V3,U3,1,AJ21,U3,14,AJ24,bottom wire,,7.6,signal
W019,+3V3,U3,1,AJ21,U3,4,AM21,bottom wire,,10.2,signal
W020,+3V3,J106,1,L36,J106,5,L40,bottom wire + top jumper,"K38, K39",15.2,signal
W021,+3V3,U3,10,AN24,U3,14,AJ24,bottom wire,,12.7,signal
W022,+3V3,C6,1,AS24,U3,10,AN24,bottom wire,,15.2,signal
W023,+3V3,U3,4,AM21,R28,1,AP19,bottom wire,,12.7,signal
W024,+3V3,R22,1,AD19,R25,1,AJ19,bottom wire,,15.2,signal
W025,+3V3,U3,10,AN24,R7,1,AN31,bottom wire,,17.8,signal
W026,+3V3,J105,1,L23,R30,1,H18,bottom wire,,22.9,signal
W027,+3V3,J105,1,L23,J106,1,L36,bottom wire + top jumper,"K25, L35",38.1,signal
W028,+3V3,R22,1,AD19,J105,1,L23,bottom wire + top jumper,"S24, O23",61.0,signal
W029,+3V3,R22,1,AD19,J101,8,W3,bottom wire + top jumper,"AF18, AE2",83.8,signal
W030,+5V,C3,1,P20,U2,16,R20,bottom wire,,5.1,signal
W031,+5V,C5,1,S23,U2,16,R20,bottom wire,,10.2,signal
W032,+5V,J104,1,D2,J104,3,D6,bottom wire,,12.7,signal
W033,+5V,J104,3,D6,J104,5,D10,bottom wire,,12.7,signal
W034,+5V,U2,4,U17,U2,16,R20,bottom wire + top jumper,"U16, U18",20.3,signal
W035,+5V,J104,5,D10,J107,8,L10,bottom wire,,20.3,signal
W036,+5V,J107,8,L10,C3,1,P20,bottom wire + top jumper,"P15, P18",35.6,signal
W037,+5V,C5,1,S23,J103,1,BC24,bottom wire + top jumper,"T23, T25",144.8,signal
W038,DM_DIR_N,J104,4,D8,Q2,C,AH41,bottom wire + top jumper,"D7, C7",198.1,signal
W039,DM_ENA_N,J104,6,D12,Q3,C,AT41,bottom wire + top jumper,"D13, B13",221.0,signal
W040,DM_PUL_N,J104,2,D4,Q1,C,V41,bottom wire + top jumper,"I9, S43",162.6,signal
W041,ENC_A_3V3,R22,2,AD15,Q4,C,AF13,bottom wire,,10.2,signal
W042,ENC_A_3V3,R22,2,AD15,U3,2,AK21,bottom wire + top jumper,"AG15, AG18",33.0,signal
W043,ENC_A_INV5V,R20,1,AB17,U2,3,T17,bottom wire + top jumper,"Y16, T16",33.0,signal
W044,ENC_A_N,R10,2,R13,U2,2,S17,bottom wire + top jumper,"S15, S16",12.7,signal
W045,ENC_A_N,J107,3,L5,R10,2,R13,bottom wire,,48.3,signal
W046,ENC_A_P,R10,1,R9,U2,1,R17,bottom wire + top jumper,"R15, R16",22.9,signal
W047,ENC_A_P,J107,2,L4,R10,1,R9,bottom wire,,27.9,signal
W048,ENC_B_3V3,Q5,C,AL13,R25,2,AJ15,bottom wire,,10.2,signal
W049,ENC_B_3V3,Q5,C,AL13,U3,5,AN21,bottom wire + top jumper,"AN17, AN20",25.4,signal
W050,ENC_B_INV5V,R23,1,AH17,U2,5,V17,bottom wire + top jumper,"AC17, V16",43.2,signal
W051,ENC_B_N,R11,2,X13,U2,6,W17,bottom wire + top jumper,"W15, W16",12.7,signal
W052,ENC_B_N,J107,5,L7,R11,2,X13,bottom wire + top jumper,"Q7, S7",45.7,signal
W053,ENC_B_P,R11,1,X9,U2,7,X17,bottom wire + top jumper,"X15, X16",22.9,signal
W054,ENC_B_P,J107,4,L6,R11,1,X9,bottom wire + top jumper,"Q6, S6",38.1,signal
W055,ENC_Z_3V3,Q6,C,AR13,R28,2,AP15,bottom wire,,10.2,signal
W056,ENC_Z_3V3,U3,9,AO24,R28,2,AP15,bottom wire + top jumper,"AO25, AP17",30.5,signal
W057,ENC_Z_INV5V,R26,1,AT17,U2,11,W20,bottom wire + top jumper,"AR17, AC23",94.0,signal
W058,ENC_Z_N,R12,2,AD13,U2,10,X20,bottom wire + top jumper,"AA15, AA18",33.0,signal
W059,ENC_Z_N,J107,7,L9,R12,2,AD13,bottom wire + top jumper,"Q12, Y12",58.4,signal
W060,ENC_Z_P,R12,1,AD9,U2,9,Y20,bottom wire + top jumper,"AE11, AA20",48.3,signal
W061,ENC_Z_P,J107,6,L8,R12,1,AD9,bottom wire + top jumper,"Q9, AB9",50.8,signal
W062,GND,C3,2,P21,R8,2,P22,bottom wire,,2.5,signal
W063,GND,J102,2,AO3,J102,4,AN3,bottom wire,,2.5,signal
W064,GND,J102,4,AN3,J102,6,AM3,bottom wire,,2.5,signal
W065,GND,J105,5,L27,J105,6,L28,bottom wire + top jumper,"K27, K28",7.6,signal
W066,GND,U3,12,AL24,U3,13,AK24,bottom wire,,2.5,signal
W067,GND,J101,2,Z3,J101,6,X3,bottom wire,,7.6,signal
W068,GND,J101,6,X3,J101,10,V3,bottom wire,,7.6,signal
W069,GND,J113,2,AH3,J113,8,AE3,bottom wire,,10.2,signal
W070,GND,Q3,E,AT39,R6,2,AW39,bottom wire,,7.6,signal
W071,GND,J109,2,BC42,J110,2,BG42,bottom wire,,10.2,signal
W072,GND,J111,2,BK42,J110,2,BG42,bottom wire,,10.2,signal
W073,GND,Q5,E,AL11,R24,2,AO12,bottom wire,,10.2,signal
W074,GND,Q6,E,AR11,R24,2,AO12,bottom wire,,10.2,signal
W075,GND,Q6,E,AR11,R27,2,AU12,bottom wire,,10.2,signal
W076,GND,R21,2,AI12,Q4,E,AF11,bottom wire,,10.2,signal
W077,GND,R21,2,AI12,Q5,E,AL11,bottom wire,,10.2,signal
W078,GND,U3,13,AK24,C4,2,AH25,bottom wire,,10.2,signal
W079,GND,J108,4,AT3,J102,2,AO3,bottom wire,,12.7,signal
W080,GND,J113,2,AH3,J102,6,AM3,bottom wire,,12.7,signal
W081,GND,J113,8,AE3,J101,2,Z3,bottom wire,,12.7,signal
W082,GND,R8,2,P22,C5,2,S25,bottom wire,,15.2,signal
W083,GND,U2,8,Y17,U2,12,V20,bottom wire + top jumper,"Z17, Z18",20.3,signal
W084,GND,C3,2,P21,U2,12,V20,bottom wire,,30.5,signal
W085,GND,J105,6,L28,C1,2,Q30,bottom wire,,17.8,signal
W086,GND,U3,7,AP21,U3,12,AL24,bottom wire,,73.7,signal
W087,GND,C6,2,AS26,U3,7,AP21,bottom wire,,22.9,signal
W088,GND,Q1,E,V39,R9,2,P37,bottom wire,,127.0,signal
W089,GND,R9,2,P37,J106,6,L41,bottom wire,,76.2,signal
W090,GND,J102,2,AO3,R24,2,AO12,bottom wire,,25.4,signal
W091,GND,J109,2,BC42,R6,2,AW39,bottom wire,,22.9,signal
W092,GND,Q2,E,AH39,R2,2,AC35,bottom wire,,38.1,signal
W093,GND,R4,2,AO35,Q3,E,AT39,bottom wire,,38.1,signal
W094,GND,J107,1,L3,J101,10,V3,bottom wire,,27.9,signal
W095,GND,J104,8,D16,J105,12,E26,bottom wire,,30.5,signal
W096,GND,Q1,E,V39,R2,2,AC35,bottom wire,,27.9,signal
W097,GND,Q2,E,AH39,R4,2,AO35,bottom wire,,27.9,signal
W098,GND,J108,4,AT3,J103,3,BE4,bottom wire,,33.0,signal
W099,GND,Q6,E,AR11,U3,7,AP21,bottom wire,,157.5,signal
W100,M1_ALM,J104,7,D14,R30,2,H14,bottom wire,,10.2,signal
W101,M1_ALM,R30,2,H14,J101,4,Y3,bottom wire + top jumper,"O11, Y2",76.2,signal
W102,M1_DIR,R3,1,AH31,J101,3,Y4,bottom wire + top jumper,"AH20, AF6",124.5,signal
W103,M1_ENC_A,U3,3,AL21,J102,1,AO4,bottom wire + top jumper,"AM18, AO6",50.8,signal
W104,M1_ENC_B,U3,6,AO21,J102,3,AN4,bottom wire + top jumper,"AO20, AN10",45.7,signal
W105,M1_ENC_Z,U3,8,AP24,J102,5,AM4,bottom wire + top jumper,"AQ24, AM5",66.0,signal
W106,M1_REF,J108,1,AW3,J109,1,BC41,bottom wire + top jumper,"BB17, BD17",116.8,signal
W107,M1_STEP,R1,1,V31,J101,1,Z4,bottom wire + top jumper,"V25, Z11",91.4,signal
W108,M2_DIAG,J105,7,L29,J113,5,AF4,bottom wire + top jumper,"P29, AF5",132.1,signal
W109,M2_DIR,J105,3,L25,J101,7,W4,bottom wire + top jumper,"O18, S5",88.9,signal
W110,M2_INDEX,J105,8,L30,J113,4,AG3,bottom wire + top jumper,"K30, K9",139.7,signal
W111,M2_REF,J108,2,AV3,J110,1,BG41,bottom wire + top jumper,"AV16, BD16",124.5,signal
W112,M2_STEP,J105,4,L26,R8,1,P26,bottom wire,,10.2,signal
W113,M2_STEP,R8,1,P26,J101,5,X4,bottom wire + top jumper,"P27, Y11",88.9,signal
W114,M3_DIAG,J113,7,AE4,J106,7,L42,bottom wire + top jumper,"AB5, W8, U15, O41",144.8,signal
W115,M3_DIR,J101,11,U4,J106,3,L38,bottom wire + top jumper,"T4, N38",160.0,signal
W116,M3_INDEX,J113,6,AF3,J106,8,L43,bottom wire + top jumper,"AF2, P43",226.1,signal
W117,M3_REF,J108,3,AU3,J111,1,BK41,bottom wire + top jumper,"AU4, AU2",147.3,signal
W118,M3_STEP,R9,1,P41,J106,4,L39,bottom wire,,15.2,signal
W119,M3_STEP,R9,1,P41,J101,9,V4,bottom wire + top jumper,"J39, S4",210.8,signal
W120,Net-(Q1-PadB),R1,2,V35,R2,1,Y35,bottom wire,,7.6,signal
W121,Net-(Q1-PadB),Q1,B,V40,R1,2,V35,bottom wire,,15.2,signal
W122,Net-(Q2-PadB),R3,2,AH35,R4,1,AK35,bottom wire,,7.6,signal
W123,Net-(Q2-PadB),Q2,B,AH40,R3,2,AH35,bottom wire,,15.2,signal
W124,Net-(Q3-PadB),R5,2,AT35,R6,1,AW35,bottom wire,,7.6,signal
W125,Net-(Q3-PadB),Q3,B,AT40,R5,2,AT35,bottom wire,,15.2,signal
W126,Net-(Q4-PadB),R21,1,AI8,Q4,B,AF12,bottom wire + top jumper,"AH8, AG8",20.3,signal
W127,Net-(Q4-PadB),R20,2,AB21,Q4,B,AF12,bottom wire + top jumper,"AC18, AE14",33.0,signal
W128,Net-(Q5-PadB),Q5,B,AL12,R24,1,AO8,bottom wire,,63.5,signal
W129,Net-(Q5-PadB),Q5,B,AL12,R23,2,AH21,bottom wire + top jumper,"AI17, AI20",33.0,signal
W130,Net-(Q6-PadB),Q6,B,AR12,R27,1,AU8,bottom wire + top jumper,"AT12, AT8",17.8,signal
W131,Net-(Q6-PadB),R26,2,AT21,Q6,B,AR12,bottom wire + top jumper,"AQ18, AQ12",33.0,signal
W132,STEPPERS_EN_N,R5,1,AT31,R7,2,AR31,bottom wire,,5.1,signal
W133,STEPPERS_EN_N,J105,10,L32,J106,10,L45,bottom wire + top jumper,"K34, K45",40.6,signal
W134,STEPPERS_EN_N,J105,10,L32,R7,2,AR31,bottom wire + top jumper,"Q32, S32",94.0,signal
W135,STEPPERS_EN_N,J105,10,L32,J101,12,U3,bottom wire + top jumper,"N30, N3",99.1,signal
W136,TMC_UART_RX,J105,9,L31,J106,9,L44,bottom wire + top jumper,"M34, M44",40.6,signal
W137,TMC_UART_RX,J113,3,AG4,R29,2,AB12,bottom wire,,35.6,signal
W138,TMC_UART_RX,J105,9,L31,R29,2,AB12,bottom wire + top jumper,"N31, AA11",96.5,signal
W139,TMC_UART_TX,J113,1,AH4,R29,1,AB8,bottom wire + top jumper,"AH7, AG7",25.4,signal
