Reference,Value,Pin,Hole (top view),Net
C3,100n,1,I42,+5V
C3,100n,2,I43,GND
C4,100n,1,I56,+3V3
C4,100n,2,I57,GND
C5,1u,1,F46,+5V
C5,1u,2,F48,GND
C6,1u,1,U56,+3V3
C6,1u,2,U58,GND
J101,NUCLEO outputs + 3V3,1,F4,M1_STEP
J101,NUCLEO outputs + 3V3,2,F5,GND
J101,NUCLEO outputs + 3V3,3,G4,M1_DIR
J101,NUCLEO outputs + 3V3,4,G5,GND
J101,NUCLEO outputs + 3V3,5,H4,M2_STEP
J101,NUCLEO outputs + 3V3,6,H5,GND
J101,NUCLEO outputs + 3V3,7,I4,M2_DIR
J101,NUCLEO outputs + 3V3,8,I5,GND
J101,NUCLEO outputs + 3V3,9,J4,M3_STEP
J101,NUCLEO outputs + 3V3,10,J5,GND
J101,NUCLEO outputs + 3V3,11,K4,M3_DIR
J101,NUCLEO outputs + 3V3,12,K5,GND
J101,NUCLEO outputs + 3V3,13,L4,STEPPERS_EN_N
J101,NUCLEO outputs + 3V3,14,L5,GND
J101,NUCLEO outputs + 3V3,15,M4,+3V3
J101,NUCLEO outputs + 3V3,16,M5,GND
J102,NUCLEO encoder inputs,1,Z55,M1_ENC_A
J102,NUCLEO encoder inputs,2,Z56,GND
J102,NUCLEO encoder inputs,3,AA55,M1_ENC_B
J102,NUCLEO encoder inputs,4,AA56,GND
J102,NUCLEO encoder inputs,5,AB55,M1_ENC_Z
J102,NUCLEO encoder inputs,6,AB56,GND
J103,5V from buck,1,AE7,+5V
J103,5V from buck,2,AE8,GND
J104,DM542T control,1,D25,+5V
J104,DM542T control,2,D26,DM_PUL_N
J104,DM542T control,3,D27,+5V
J104,DM542T control,4,D28,DM_DIR_N
J104,DM542T control,5,D29,+5V
J104,DM542T control,6,D30,DM_ENA_N
J105,M2 TMC2209 logic,1,AF22,+3V3
J105,M2 TMC2209 logic,2,AF23,GND
J105,M2 TMC2209 logic,3,AF24,M2_DIR
J105,M2 TMC2209 logic,4,AF25,M2_STEP
J105,M2 TMC2209 logic,5,AF26,+3V3
J105,M2 TMC2209 logic,6,AF27,+3V3
J105,M2 TMC2209 logic,7,AF28,NC
J105,M2 TMC2209 logic,8,AF29,NC
J105,M2 TMC2209 logic,9,AF30,NC
J105,M2 TMC2209 logic,10,AF31,STEPPERS_EN_N
J106,M3 TMC2209 logic,1,AI22,+3V3
J106,M3 TMC2209 logic,2,AI23,GND
J106,M3 TMC2209 logic,3,AI24,M3_DIR
J106,M3 TMC2209 logic,4,AI25,M3_STEP
J106,M3 TMC2209 logic,5,AI26,+3V3
J106,M3 TMC2209 logic,6,AI27,+3V3
J106,M3 TMC2209 logic,7,AI28,NC
J106,M3 TMC2209 logic,8,AI29,NC
J106,M3 TMC2209 logic,9,AI30,NC
J106,M3 TMC2209 logic,10,AI31,STEPPERS_EN_N
J107,M1 encoder,1,D37,GND
J107,M1 encoder,2,D38,ENC_A_P
J107,M1 encoder,3,D39,ENC_A_N
J107,M1 encoder,4,D40,ENC_B_P
J107,M1 encoder,5,D41,ENC_B_N
J107,M1 encoder,6,D42,ENC_Z_P
J107,M1 encoder,7,D43,ENC_Z_N
J107,M1 encoder,8,D44,+5V
Q1,Diotec 2N2222A E1/B2/C3,B,G18,Net-(Q1-PadB)
Q1,Diotec 2N2222A E1/B2/C3,C,G19,DM_PUL_N
Q1,Diotec 2N2222A E1/B2/C3,E,G17,GND
Q2,Diotec 2N2222A E1/B2/C3,B,N18,Net-(Q2-PadB)
Q2,Diotec 2N2222A E1/B2/C3,C,N19,DM_DIR_N
Q2,Diotec 2N2222A E1/B2/C3,E,N17,GND
Q3,Diotec 2N2222A E1/B2/C3,B,U18,Net-(Q3-PadB)
Q3,Diotec 2N2222A E1/B2/C3,C,U19,DM_ENA_N
Q3,Diotec 2N2222A E1/B2/C3,E,U17,GND
R1,1k,1,G11,M1_STEP
R1,1k,2,G15,Net-(Q1-PadB)
R10,DNP,1,K32,ENC_A_P
R10,DNP,2,K36,ENC_A_N
R11,DNP,1,O32,ENC_B_P
R11,DNP,2,O36,ENC_B_N
R12,DNP,1,S32,ENC_Z_P
R12,DNP,2,S36,ENC_Z_N
R2,10k,1,I15,Net-(Q1-PadB)
R2,10k,2,M15,GND
R3,1k,1,N11,M1_DIR
R3,1k,2,N15,Net-(Q2-PadB)
R4,10k,1,P15,Net-(Q2-PadB)
R4,10k,2,T15,GND
R5,1k,1,U11,STEPPERS_EN_N
R5,1k,2,U15,Net-(Q3-PadB)
R6,10k,1,W15,Net-(Q3-PadB)
R6,10k,2,AA15,GND
R7,470R,1,U8,+3V3
R7,470R,2,Y8,STEPPERS_EN_N
R8,10k,1,Z25,M2_STEP
R8,10k,2,AD25,GND
R9,10k,1,Z31,M3_STEP
R9,10k,2,AD31,GND
U2,AM26C32CN / DIP-16,1,K39,ENC_A_N
U2,AM26C32CN / DIP-16,2,L39,ENC_A_P
U2,AM26C32CN / DIP-16,3,M39,ENC_A_5V
U2,AM26C32CN / DIP-16,4,N39,+5V
U2,AM26C32CN / DIP-16,5,O39,ENC_B_5V
U2,AM26C32CN / DIP-16,6,P39,ENC_B_P
U2,AM26C32CN / DIP-16,7,Q39,ENC_B_N
U2,AM26C32CN / DIP-16,8,R39,GND
U2,AM26C32CN / DIP-16,9,R42,ENC_Z_N
U2,AM26C32CN / DIP-16,10,Q42,ENC_Z_P
U2,AM26C32CN / DIP-16,11,P42,ENC_Z_5V
U2,AM26C32CN / DIP-16,12,O42,GND
U2,AM26C32CN / DIP-16,13,N42,NC
U2,AM26C32CN / DIP-16,14,M42,NC
U2,AM26C32CN / DIP-16,15,L42,NC
U2,AM26C32CN / DIP-16,16,K42,+5V
U3,SN74LVC125AD on Adafruit 1210,1,K50,GND
U3,SN74LVC125AD on Adafruit 1210,2,L50,ENC_A_5V
U3,SN74LVC125AD on Adafruit 1210,3,M50,M1_ENC_A
U3,SN74LVC125AD on Adafruit 1210,4,N50,GND
U3,SN74LVC125AD on Adafruit 1210,5,O50,ENC_B_5V
U3,SN74LVC125AD on Adafruit 1210,6,P50,M1_ENC_B
U3,SN74LVC125AD on Adafruit 1210,7,Q50,GND
U3,SN74LVC125AD on Adafruit 1210,8,Q56,M1_ENC_Z
U3,SN74LVC125AD on Adafruit 1210,9,P56,ENC_Z_5V
U3,SN74LVC125AD on Adafruit 1210,10,O56,GND
U3,SN74LVC125AD on Adafruit 1210,11,N56,NC
U3,SN74LVC125AD on Adafruit 1210,12,M56,GND
U3,SN74LVC125AD on Adafruit 1210,13,L56,+3V3
U3,SN74LVC125AD on Adafruit 1210,14,K56,+3V3
