capture,case,samplerate_Hz,axis,captured_rises,reported_count,mean_period_us,min_period_us,max_period_us,min_high_us,max_high_us,firmware_result,state
case-1,1,24000000,1,1,1,,,,5.0,5.0,PASS,Completed
case-1,1,24000000,2,2,2,1000.0,1000.0,1000.0,5.0,5.0,PASS,Completed
case-1,1,24000000,3,3,3,999.9791666666667,999.9583333333334,1000.0,5.0,5.0,PASS,Completed
case-2,2,24000000,1,1000,1000,999.9732232232234,999.9583333333334,1000.0,5.0,5.041666666666667,PASS,Completed
case-2,2,24000000,2,1500,1500,499.98660217923054,499.9583333333333,500.0,5.0,5.041666666666667,PASS,Completed
case-2,2,24000000,3,2000,2000,249.9933091545773,249.95833333333334,250.0,5.0,5.041666666666667,PASS,Completed
case-3,3,24000000,1,100000,100000,9.999731247312473,9.958333333333334,10.041666666666666,5.0,5.041666666666667,PASS,Completed
case-3,3,24000000,2,100000,100000,9.999731247312473,9.958333333333334,10.041666666666666,5.0,5.041666666666667,PASS,Completed
case-3,3,24000000,3,100000,100000,9.999731247312473,9.958333333333334,10.041666666666666,5.0,5.041666666666667,PASS,Completed
case-4,4,24000000,1,1024,1024,744.2301238188336,488.9583333333333,999.9583333333334,5.0,5.041666666666667,PASS,Completed
case-4,4,24000000,2,1024,1024,744.2301238188336,488.9583333333333,999.9583333333334,5.0,5.041666666666667,PASS,Completed
case-4,4,24000000,3,1024,1024,744.2301238188336,488.9583333333333,999.9583333333334,5.0,5.041666666666667,PASS,Completed
case-5,5,24000000,1,995,995,99.99727531857815,99.95833333333333,100.0,5.0,5.041666666666667,PASS,Stopped
case-5,5,24000000,2,498,498,199.9945506371563,199.95833333333334,200.0,5.0,5.041666666666667,PASS,Stopped
case-5,5,24000000,3,249,249,399.9890793010752,399.9583333333333,400.0,5.0,5.041666666666667,PASS,Stopped
case-6,6,24000000,1,1000,1000,9.99974974974975,9.958333333333334,10.041666666666666,5.0,5.041666666666667,PASS,Completed
case-6,6,24000000,2,1000,1000,19.99945779112446,19.958333333333332,20.041666666666668,5.0,5.041666666666667,PASS,Completed
case-6,6,24000000,3,1000,1000,39.99891558224892,39.958333333333336,40.0,5.0,5.041666666666667,PASS,Completed
case-7,7,24000000,1,512,512,9.999755381604697,9.958333333333334,10.041666666666666,5.0,5.041666666666667,PASS,Underrun
case-7,7,24000000,2,256,256,19.99950980392157,19.958333333333332,20.0,5.0,5.041666666666667,PASS,Underrun
case-7,7,24000000,3,128,128,39.999015748031496,39.958333333333336,40.0,5.0,5.041666666666667,PASS,Underrun
case-8,8,4000000,1,435,435,999971.2482718894,999970.5,999972.5,5.0,5.25,PASS,Completed
case-8,8,4000000,2,435,435,999971.2482718894,999970.5,999972.5,5.0,5.25,PASS,Completed
case-8,8,4000000,3,435,435,999971.2482718894,999970.5,999972.5,5.0,5.25,PASS,Completed
