"Reference","Part or value","Quantity","Do not populate"
"A1","NUCLEO-H753ZI / MB1364","1",""
"A2","DM542T V4.0","1",""
"A3,A4","Adafruit #6121 / TMC2209","2",""
"A5","W25Q128 / 3.3 V QSPI","1",""
"C1,C2","100u / 50V","2",""
"C3,C4,C7,C9","100n","4",""
"C5,C6","1u","2",""
"C8,C10","10u","2",""
"J1","24 V input","1",""
"J2","M1 encoder / 8-pin","1",""
"J3","microSD / 4-bit socket module","1",""
"M1","PKP245D23A2-R2FL","1",""
"M2","C17HD2024-01N","1",""
"M3","BJ42D15-26V10","1",""
"Q1-Q3","2N2222A","3",""
"R1,R3,R5","1k","3",""
"R2,R4,R6,R8,R9,R13-R19","10k","12",""
"R7","470R","1",""
"R10-R12","DNP","3","Nicht bestücken"
"U1","QIQIAZI 5 V / 5 A","1",""
"U2","AM26C32CN / DIP-16","1",""
"U3","SN74LVC125A / SOIC-14","1",""
